{
  "cat": {
    "action": 0.27157095034259554,
    "point": 0.17389741301578937,
    "server": 0.6500071677240602,
    "overall": 0.30818877888816604
  },
  "cat_bal": {
    "action": 0.25400501012510296,
    "point": 0.16838388079409145,
    "server": 0.6500071702396816,
    "overall": 0.2989569904156141
  },
  "cat_os": {
    "action": 0.2732974121920937,
    "point": 0.16418074433839228,
    "server": 0.6500071598178215,
    "overall": 0.3049926945757587
  }
}