{
  "lgbm15": {
    "action": 0.2586853686814471,
    "point": 0.17302325256718143,
    "server": 0.6498621691045974,
    "overall": 0.3026558823203709
  },
  "lgbm31": {
    "action": 0.25177834306865915,
    "point": 0.17042529555634603,
    "server": 0.6469382630935308,
    "overall": 0.29826910806870827
  },
  "markov": {
    "action": 0.1592194946543292,
    "point": 0.09108920937985444,
    "server": 0.584144168176908,
    "overall": 0.21695231524905506
  },
  "phase_lgbm": {
    "action": 0.2426160082955827,
    "point": 0.1583948989727993,
    "server": 0.6444438642143766,
    "overall": 0.28929313575022814
  },
  "seq2": {
    "action": 0.2394397670978947,
    "point": 0.17083998647916832,
    "server": 0.6261610571963536,
    "overall": 0.289344112870096
  }
}