{
  "cat": {
    "action": 0.27157095034259554,
    "point": 0.17389741301578937,
    "server": 0.6500071677240602,
    "overall": 0.30818877888816604
  },
  "cat_sgp": {
    "action": 0.27238069152798533,
    "point": 0.21415381954599777,
    "server": 0.6500071637709409,
    "overall": 0.32461523718378144
  }
}