{
  "cat": {
    "action": 0.27157095034259554,
    "point": 0.17389741301578937,
    "server": 0.6500071677240602,
    "overall": 0.30818877888816604
  },
  "xgb": {
    "action": 0.24985639025295284,
    "point": 0.17052157826972186,
    "server": 0.6339134357433213,
    "overall": 0.2949338745577341
  }
}