{
  "baseline_model": "cat",
  "candidate_model": "cat_disp",
  "baseline": {
    "rows": 8960,
    "action": 0.2733759463847929,
    "point": 0.16984147596100355
  },
  "candidate": {
    "rows": 8960,
    "action": 0.2714510296287917,
    "point": 0.1710496603053119
  },
  "delta": {
    "action": -0.0019249167560012048,
    "point": 0.0012081843443083606
  },
  "floors": {
    "action": 0.00525,
    "point": 0.00506
  }
}