{
  "action_macro_f1": 0.3571057186018481,
  "point_macro_f1": 0.25158152662088773,
  "server_auc": 0.6846767334886381,
  "overall": 0.38041024478682195
}