{
  "action_macro_f1": 0.3018186218503043,
  "point_macro_f1": 0.1940771062080076,
  "server_auc": 0.6566651521428044,
  "overall": 0.32969132165188564
}