{
  "action_macro_f1": 0.3406291380353063,
  "point_macro_f1": 0.22271409235853082,
  "server_auc": 0.6654919701904616,
  "overall": 0.35843568619562716
}