{
  "action_macro_f1": 0.2982320604779981,
  "point_macro_f1": 0.19068062587277407,
  "server_auc": 0.6566651521428044,
  "overall": 0.32689810496886973
}