{
  "action_macro_f1": 0.35254640502932055,
  "point_macro_f1": 0.24484898323288018,
  "server_auc": 0.6776747766586416,
  "overall": 0.3744931106366086
}
