{
  "action_macro_f1": 0.28937967367826156,
  "point_macro_f1": 0.18416088660727706,
  "server_auc": 0.6556949190234055,
  "overall": 0.3205552079188966
}