{
  "action_macro_f1": 0.2985147454618469,
  "point_macro_f1": 0.19085506643019928,
  "server_auc": 0.6566651521428044,
  "overall": 0.3270809551853794
}