{
  "action_macro_f1": 0.29205686074763265,
  "action_beta": 0.6,
  "point_macro_f1": 0.1879580863822849,
  "point_beta": 0.4,
  "server_auc": 0.6556949190234056,
  "overall": 0.32314496265664816
}