{
  "action_macro_f1": 0.3723943337345462,
  "point_macro_f1": 0.2704900381136824,
  "server_auc": 0.7052797049334245,
  "overall": 0.39820968972597637
}
