{
  "action_macro_f1": 0.29830905662582474,
  "point_macro_f1": 0.19085506643019928,
  "server_auc": 0.6566651521428044,
  "overall": 0.3269986796509705
}