{
  "action_macro_f1": 0.29529744103495387,
  "point_macro_f1": 0.18894799485535022,
  "server_auc": 0.6569130795672713,
  "overall": 0.3250807902695759
}