{
  "action_macro_f1": 0.25404609709274767,
  "point_macro_f1": 0.23522691630006864,
  "server_auc": 0.7701776643224549,
  "overall": 0.34974473822161756
}