{
  "action_macro_f1": 0.29388046891248637,
  "point_macro_f1": 0.18727232017566867,
  "server_auc": 0.6566651521428044,
  "overall": 0.32379414606382295
}