{
  "action_macro_f1": 0.29864129110836685,
  "point_macro_f1": 0.1914835064905856,
  "server_auc": 0.6569130795672713,
  "overall": 0.32743253495303526
}