{
  "action_macro_f1": 0.2989178507537698,
  "point_macro_f1": 0.1894252920944582,
  "server_auc": 0.6566651521428044,
  "overall": 0.3266702875678521
}