{
  "action_macro_f1": 0.27519435935063447,
  "point_macro_f1": 0.11771838149620424,
  "server_auc": 0.6566651521428044,
  "overall": 0.28849812676729636
}