{
  "action_macro_f1": 0.29005596557024116,
  "action_beta": 0.5,
  "point_macro_f1": 0.18886219551542283,
  "point_beta": 0.6,
  "server_auc": 0.6545099334161739,
  "overall": 0.32246925111750036
}