{
  "action_macro_f1": 0.2963281764520684,
  "point_macro_f1": 0.1895353939727542,
  "server_auc": 0.6566651521428044,
  "overall": 0.32567845859849
}