{
  "action_macro_f1": 0.3497079457932548,
  "point_macro_f1": 0.24161231874992764,
  "server_auc": 0.6754115842280171,
  "overall": 0.3716104226628764
}