{
  "action_macro_f1": 0.3712092532663339,
  "point_macro_f1": 0.2675997701404289,
  "server_auc": 0.7052797049334245,
  "overall": 0.3965795503493901
}