{
  "action_macro_f1": 0.32254480726956664,
  "point_macro_f1": 0.23382688947620078,
  "server_auc": 0.6741995226284995,
  "overall": 0.3573885832240069
}