{
  "fold_scores": [
    {
      "fold": 1,
      "phase_rows": {
        "0": 4938,
        "1": 4315,
        "2": 13985
      },
      "action_macro_f1": 0.28527049744523303,
      "point_macro_f1": 0.20412476010995642,
      "server_auc": 0.6010070059045601,
      "overall": 0.31595950420298785
    },
    {
      "fold": 2,
      "phase_rows": {
        "0": 4982,
        "1": 4367,
        "2": 13888
      },
      "action_macro_f1": 0.2834854846720802,
      "point_macro_f1": 0.20004840080866745,
      "server_auc": 0.5937319315441973,
      "overall": 0.31215994050113854
    },
    {
      "fold": 3,
      "phase_rows": {
        "0": 5075,
        "1": 4444,
        "2": 13718
      },
      "action_macro_f1": 0.2851900066608875,
      "point_macro_f1": 0.22331051754444936,
      "server_auc": 0.6030002611902904,
      "overall": 0.3240002619201928
    }
  ],
  "oof": {
    "action_macro_f1": 0.28727767136051446,
    "point_macro_f1": 0.20992481675162916,
    "server_auc": 0.5990469526668643,
    "overall": 0.31869038577823033
  }
}