{
  "fold_scores": [
    {
      "action_macro_f1": 0.2679938602465993,
      "point_macro_f1": 0.1613574467598402,
      "server_auc": 0.5809803552128914,
      "overall": 0.28793659384515413,
      "fold": 1
    },
    {
      "action_macro_f1": 0.26020462365500147,
      "point_macro_f1": 0.15592018405491176,
      "server_auc": 0.5934558394059701,
      "overall": 0.2851410909651593,
      "fold": 2
    },
    {
      "action_macro_f1": 0.26019533111782644,
      "point_macro_f1": 0.16531485861921835,
      "server_auc": 0.576852839485622,
      "overall": 0.2855746437919423,
      "fold": 3
    }
  ],
  "oof": {
    "action_macro_f1": 0.2660184561342576,
    "point_macro_f1": 0.16250192776417247,
    "server_auc": 0.578647730925263,
    "overall": 0.28713769974442466
  }
}