{
  "action_macro_f1_raw": 0.26891932137281066,
  "point_macro_f1_raw": 0.16274978246671906,
  "overall_raw": 0.3026308903918241,
  "action_macro_f1": 0.28797078192996917,
  "point_macro_f1": 0.18171350607293876,
  "server_auc": 0.649816244280061,
  "overall": 0.31783696405717543
}