{
  "action_macro_f1": 0.24117590715678633,
  "point_macro_f1": 0.23236520448708925,
  "server_auc_raw": 0.7643209024382014,
  "server_auc_blended": 0.7643209024382014,
  "overall_raw": 0.34228062514519053,
  "overall_blended": 0.34228062514519053
}