{
  "baseline_model": "shuttle_pilot",
  "candidate_model": "shuttle_pretrain_pilot",
  "baseline": {
    "rows": 8960,
    "action_macro_f1": 0.26813835421043036,
    "point_macro_f1": 0.18277788360515018
  },
  "candidate": {
    "rows": 8960,
    "action_macro_f1": 0.283851759256792,
    "point_macro_f1": 0.18247060616272784
  },
  "delta": {
    "action_macro_f1": 0.01571340504636165,
    "point_macro_f1": -0.00030727744242234345
  }
}